genre,size_tier,book_name,book_relpath,cap,similar_k,threshold,nodes,similar_edges,similar_edges_added,max_total_degree,max_total_degree_node,max_out_degree,max_out_degree_node,elapsed_seconds,edge_reduction_vs_cap0_pct
biography,short,Autobiography of Benjamin Franklin,corpus/biography/Autobiography of Benjamin Franklin,0,5,0.85,3647,3909,4405,167,chunk:autobiography_of_benjamin_franklin.md:0098,143,chunk:autobiography_of_benjamin_franklin.md:0098,2.5489,0.0
biography,short,Autobiography of Benjamin Franklin,corpus/biography/Autobiography of Benjamin Franklin,2,5,0.85,3647,538,538,2,chunk:autobiography_of_benjamin_franklin.md:0885,2,chunk:autobiography_of_benjamin_franklin.md:0854,2.1571,86.2369
biography,short,Autobiography of Benjamin Franklin,corpus/biography/Autobiography of Benjamin Franklin,4,5,0.85,3647,1140,1140,4,chunk:reference.md:0003,4,chunk:autobiography_of_benjamin_franklin.md:0824,2.1332,70.8365
biography,short,Autobiography of Benjamin Franklin,corpus/biography/Autobiography of Benjamin Franklin,6,5,0.85,3647,1672,1672,6,chunk:autobiography_of_benjamin_franklin.md:0881,6,chunk:autobiography_of_benjamin_franklin.md:0706,2.176,57.2269
biography,short,Autobiography of Benjamin Franklin,corpus/biography/Autobiography of Benjamin Franklin,8,5,0.85,3647,2012,2012,8,chunk:autobiography_of_benjamin_franklin.md:0871,8,chunk:autobiography_of_benjamin_franklin.md:0706,2.1545,48.529
biography,short,Autobiography of Benjamin Franklin,corpus/biography/Autobiography of Benjamin Franklin,10,5,0.85,3647,2277,2277,10,chunk:autobiography_of_benjamin_franklin.md:0871,10,chunk:autobiography_of_benjamin_franklin.md:0151,2.1511,41.7498
biography,short,Autobiography of Benjamin Franklin,corpus/biography/Autobiography of Benjamin Franklin,15,5,0.85,3647,2713,2713,15,chunk:autobiography_of_benjamin_franklin.md:0871,15,chunk:autobiography_of_benjamin_franklin.md:0087,2.1736,30.5961
biography,short,Autobiography of Benjamin Franklin,corpus/biography/Autobiography of Benjamin Franklin,20,5,0.85,3647,2986,2986,20,chunk:autobiography_of_benjamin_franklin.md:0871,19,chunk:autobiography_of_benjamin_franklin.md:0126,2.1614,23.6122
biography,short,Autobiography of Benjamin Franklin,corpus/biography/Autobiography of Benjamin Franklin,30,5,0.85,3647,3319,3319,30,chunk:autobiography_of_benjamin_franklin.md:0861,27,chunk:autobiography_of_benjamin_franklin.md:0165,2.1692,15.0934
biography,short,Autobiography of Benjamin Franklin,corpus/biography/Autobiography of Benjamin Franklin,50,5,0.85,3647,3615,3615,50,chunk:autobiography_of_benjamin_franklin.md:0861,42,chunk:autobiography_of_benjamin_franklin.md:0149,2.1696,7.5211
biography,medium,Confessions — Saint Augustine,corpus/biography/Confessions — Saint Augustine,0,5,0.85,4517,5286,6249,88,chunk:confessions_saint_augustine.md:0431,76,chunk:confessions_saint_augustine.md:0070,3.6969,0.0
biography,medium,Confessions — Saint Augustine,corpus/biography/Confessions — Saint Augustine,2,5,0.85,4517,818,818,2,chunk:reference.md:0002,2,chunk:confessions_saint_augustine.md:1421,3.6447,84.5252
biography,medium,Confessions — Saint Augustine,corpus/biography/Confessions — Saint Augustine,4,5,0.85,4517,1656,1656,4,chunk:confessions_saint_augustine.md:1441,4,chunk:confessions_saint_augustine.md:1331,3.642,68.672
biography,medium,Confessions — Saint Augustine,corpus/biography/Confessions — Saint Augustine,6,5,0.85,4517,2389,2389,6,chunk:confessions_saint_augustine.md:1441,6,chunk:confessions_saint_augustine.md:1331,3.654,54.8051
biography,medium,Confessions — Saint Augustine,corpus/biography/Confessions — Saint Augustine,8,5,0.85,4517,2910,2910,8,chunk:confessions_saint_augustine.md:1441,8,chunk:confessions_saint_augustine.md:1331,3.7504,44.9489
biography,medium,Confessions — Saint Augustine,corpus/biography/Confessions — Saint Augustine,10,5,0.85,4517,3320,3320,10,chunk:confessions_saint_augustine.md:1441,10,chunk:confessions_saint_augustine.md:0182,3.6527,37.1926
biography,medium,Confessions — Saint Augustine,corpus/biography/Confessions — Saint Augustine,15,5,0.85,4517,3984,3984,15,chunk:confessions_saint_augustine.md:1441,15,chunk:confessions_saint_augustine.md:0043,3.6624,24.6311
biography,medium,Confessions — Saint Augustine,corpus/biography/Confessions — Saint Augustine,20,5,0.85,4517,4379,4379,20,chunk:confessions_saint_augustine.md:1441,20,chunk:confessions_saint_augustine.md:0042,3.6155,17.1585
biography,medium,Confessions — Saint Augustine,corpus/biography/Confessions — Saint Augustine,30,5,0.85,4517,4752,4752,30,chunk:confessions_saint_augustine.md:0853,30,chunk:confessions_saint_augustine.md:0012,3.5891,10.1022
biography,medium,Confessions — Saint Augustine,corpus/biography/Confessions — Saint Augustine,50,5,0.85,4517,5066,5066,50,chunk:confessions_saint_augustine.md:0818,50,chunk:confessions_saint_augustine.md:0012,3.5957,4.1619
philosophy,short,Groundwork of the Metaphysics of Morals (Kant),corpus/philosophy/Groundwork of the Metaphysics of Morals (Kant),0,5,0.85,1465,1563,2003,42,chunk:groundwork_of_the_metaphysics_of_morals_kant.md:0208,17,chunk:groundwork_of_the_metaphysics_of_morals_kant.md:0208,0.7653,0.0
philosophy,short,Groundwork of the Metaphysics of Morals (Kant),corpus/philosophy/Groundwork of the Metaphysics of Morals (Kant),2,5,0.85,1465,281,281,2,chunk:groundwork_of_the_metaphysics_of_morals_kant.md:0424,2,chunk:groundwork_of_the_metaphysics_of_morals_kant.md:0390,0.7493,82.0218
philosophy,short,Groundwork of the Metaphysics of Morals (Kant),corpus/philosophy/Groundwork of the Metaphysics of Morals (Kant),4,5,0.85,1465,587,587,4,chunk:groundwork_of_the_metaphysics_of_morals_kant.md:0424,4,chunk:groundwork_of_the_metaphysics_of_morals_kant.md:0376,0.7517,62.444
philosophy,short,Groundwork of the Metaphysics of Morals (Kant),corpus/philosophy/Groundwork of the Metaphysics of Morals (Kant),6,5,0.85,1465,863,863,6,chunk:groundwork_of_the_metaphysics_of_morals_kant.md:0424,6,chunk:groundwork_of_the_metaphysics_of_morals_kant.md:0358,0.7529,44.7857
philosophy,short,Groundwork of the Metaphysics of Morals (Kant),corpus/philosophy/Groundwork of the Metaphysics of Morals (Kant),8,5,0.85,1465,1072,1072,8,chunk:groundwork_of_the_metaphysics_of_morals_kant.md:0424,8,chunk:groundwork_of_the_metaphysics_of_morals_kant.md:0333,0.7607,31.4139
philosophy,short,Groundwork of the Metaphysics of Morals (Kant),corpus/philosophy/Groundwork of the Metaphysics of Morals (Kant),10,5,0.85,1465,1227,1227,10,chunk:groundwork_of_the_metaphysics_of_morals_kant.md:0424,10,chunk:groundwork_of_the_metaphysics_of_morals_kant.md:0333,0.7699,21.4971
philosophy,short,Groundwork of the Metaphysics of Morals (Kant),corpus/philosophy/Groundwork of the Metaphysics of Morals (Kant),15,5,0.85,1465,1438,1438,15,chunk:groundwork_of_the_metaphysics_of_morals_kant.md:0414,13,chunk:groundwork_of_the_metaphysics_of_morals_kant.md:0334,0.777,7.9974
philosophy,short,Groundwork of the Metaphysics of Morals (Kant),corpus/philosophy/Groundwork of the Metaphysics of Morals (Kant),20,5,0.85,1465,1509,1509,20,chunk:groundwork_of_the_metaphysics_of_morals_kant.md:0414,14,chunk:groundwork_of_the_metaphysics_of_morals_kant.md:0130,0.7797,3.4549
philosophy,short,Groundwork of the Metaphysics of Morals (Kant),corpus/philosophy/Groundwork of the Metaphysics of Morals (Kant),30,5,0.85,1465,1551,1551,30,chunk:groundwork_of_the_metaphysics_of_morals_kant.md:0208,14,chunk:groundwork_of_the_metaphysics_of_morals_kant.md:0130,0.7526,0.7678
philosophy,short,Groundwork of the Metaphysics of Morals (Kant),corpus/philosophy/Groundwork of the Metaphysics of Morals (Kant),50,5,0.85,1465,1563,1563,42,chunk:groundwork_of_the_metaphysics_of_morals_kant.md:0208,17,chunk:groundwork_of_the_metaphysics_of_morals_kant.md:0208,0.7594,0.0
philosophy,medium,Meditations,corpus/philosophy/Meditations,0,5,0.85,3474,794,1152,37,chunk:meditations.md:0643,21,chunk:meditations.md:0863,2.2545,0.0
philosophy,medium,Meditations,corpus/philosophy/Meditations,2,5,0.85,3474,219,219,2,chunk:reference.md:0004,2,chunk:meditations.md:0891,2.2608,72.4181
philosophy,medium,Meditations,corpus/philosophy/Meditations,4,5,0.85,3474,375,375,4,chunk:meditations.md:0919,4,chunk:meditations.md:0848,2.3348,52.7708
philosophy,medium,Meditations,corpus/philosophy/Meditations,6,5,0.85,3474,479,479,6,chunk:meditations.md:0909,6,chunk:meditations.md:0502,2.2349,39.6725
philosophy,medium,Meditations,corpus/philosophy/Meditations,8,5,0.85,3474,556,556,8,chunk:meditations.md:0909,8,chunk:meditations.md:0125,2.2313,29.9748
philosophy,medium,Meditations,corpus/philosophy/Meditations,10,5,0.85,3474,606,606,10,chunk:meditations.md:0909,9,chunk:meditations.md:0863,2.2239,23.6776
philosophy,medium,Meditations,corpus/philosophy/Meditations,15,5,0.85,3474,691,691,15,chunk:meditations.md:0863,12,chunk:meditations.md:0863,2.2357,12.9723
philosophy,medium,Meditations,corpus/philosophy/Meditations,20,5,0.85,3474,733,733,20,chunk:meditations.md:0863,14,chunk:meditations.md:0863,2.2381,7.6826
philosophy,medium,Meditations,corpus/philosophy/Meditations,30,5,0.85,3474,783,783,30,chunk:meditations.md:0836,21,chunk:meditations.md:0863,2.2335,1.3854
philosophy,medium,Meditations,corpus/philosophy/Meditations,50,5,0.85,3474,794,794,37,chunk:meditations.md:0643,21,chunk:meditations.md:0863,2.2472,0.0
philosophy,long,The Federalist Papers,corpus/philosophy/The Federalist Papers,0,5,0.85,8707,8842,10725,80,chunk:the_federalist_papers.md:0871,48,chunk:the_federalist_papers.md:0717,9.5702,0.0
philosophy,long,The Federalist Papers,corpus/philosophy/The Federalist Papers,2,5,0.85,8707,1521,1521,2,chunk:the_federalist_papers.md:2890,2,chunk:the_federalist_papers.md:2880,9.442,82.798
philosophy,long,The Federalist Papers,corpus/philosophy/The Federalist Papers,4,5,0.85,8707,2996,2996,4,chunk:the_federalist_papers.md:2896,4,chunk:the_federalist_papers.md:2684,9.4526,66.1163
philosophy,long,The Federalist Papers,corpus/philosophy/The Federalist Papers,6,5,0.85,8707,4276,4276,6,chunk:the_federalist_papers.md:2896,6,chunk:the_federalist_papers.md:2684,9.4425,51.6399
philosophy,long,The Federalist Papers,corpus/philosophy/The Federalist Papers,8,5,0.85,8707,5211,5211,8,chunk:the_federalist_papers.md:2890,8,chunk:the_federalist_papers.md:2684,9.4784,41.0654
philosophy,long,The Federalist Papers,corpus/philosophy/The Federalist Papers,10,5,0.85,8707,5921,5921,10,chunk:the_federalist_papers.md:2887,10,chunk:the_federalist_papers.md:2684,9.3943,33.0355
philosophy,long,The Federalist Papers,corpus/philosophy/The Federalist Papers,15,5,0.85,8707,7105,7105,15,chunk:the_federalist_papers.md:2887,15,chunk:the_federalist_papers.md:1204,9.4833,19.6449
philosophy,long,The Federalist Papers,corpus/philosophy/The Federalist Papers,20,5,0.85,8707,7730,7730,20,chunk:the_federalist_papers.md:2887,20,chunk:the_federalist_papers.md:0413,9.482,12.5763
philosophy,long,The Federalist Papers,corpus/philosophy/The Federalist Papers,30,5,0.85,8707,8312,8312,30,chunk:the_federalist_papers.md:2869,30,chunk:the_federalist_papers.md:0260,9.4532,5.9941
philosophy,long,The Federalist Papers,corpus/philosophy/The Federalist Papers,50,5,0.85,8707,8707,8707,50,chunk:the_federalist_papers.md:2859,45,chunk:the_federalist_papers.md:0123,9.6525,1.5268
science-fiction,short,The Lost World,corpus/science-fiction/The Lost World,0,5,0.85,1056,617,849,20,chunk:the_lost_world.md:0085,15,chunk:the_lost_world.md:0085,0.4416,0.0
science-fiction,short,The Lost World,corpus/science-fiction/The Lost World,2,5,0.85,1056,126,126,2,chunk:the_lost_world.md:0230,2,chunk:the_lost_world.md:0219,0.4308,79.5786
science-fiction,short,The Lost World,corpus/science-fiction/The Lost World,4,5,0.85,1056,257,257,4,chunk:the_lost_world.md:0230,4,chunk:the_lost_world.md:0210,0.4339,58.3468
science-fiction,short,The Lost World,corpus/science-fiction/The Lost World,6,5,0.85,1056,376,376,6,chunk:the_lost_world.md:0230,6,chunk:the_lost_world.md:0204,0.4272,39.06
science-fiction,short,The Lost World,corpus/science-fiction/The Lost World,8,5,0.85,1056,459,459,8,chunk:the_lost_world.md:0219,8,chunk:the_lost_world.md:0204,0.4292,25.6078
science-fiction,short,The Lost World,corpus/science-fiction/The Lost World,10,5,0.85,1056,521,521,10,chunk:the_lost_world.md:0219,10,chunk:the_lost_world.md:0050,0.4292,15.5592
science-fiction,short,The Lost World,corpus/science-fiction/The Lost World,15,5,0.85,1056,598,598,15,chunk:the_lost_world.md:0217,12,chunk:the_lost_world.md:0204,0.4334,3.0794
science-fiction,short,The Lost World,corpus/science-fiction/The Lost World,20,5,0.85,1056,617,617,20,chunk:the_lost_world.md:0085,15,chunk:the_lost_world.md:0085,0.4312,0.0
science-fiction,short,The Lost World,corpus/science-fiction/The Lost World,30,5,0.85,1056,617,617,20,chunk:the_lost_world.md:0085,15,chunk:the_lost_world.md:0085,0.4275,0.0
science-fiction,short,The Lost World,corpus/science-fiction/The Lost World,50,5,0.85,1056,617,617,20,chunk:the_lost_world.md:0085,15,chunk:the_lost_world.md:0085,0.4368,0.0
science-fiction,medium,Pellucidar (Burroughs),corpus/science-fiction/Pellucidar (Burroughs),0,5,0.85,2131,1439,2123,27,chunk:pellucidar_burroughs.md:0014,19,chunk:pellucidar_burroughs.md:0014,1.0946,0.0
science-fiction,medium,Pellucidar (Burroughs),corpus/science-fiction/Pellucidar (Burroughs),2,5,0.85,2131,320,320,2,chunk:pellucidar_burroughs.md:0545,2,chunk:pellucidar_burroughs.md:0539,1.0879,77.7623
science-fiction,medium,Pellucidar (Burroughs),corpus/science-fiction/Pellucidar (Burroughs),4,5,0.85,2131,654,654,4,chunk:pellucidar_burroughs.md:0546,4,chunk:pellucidar_burroughs.md:0485,1.0764,54.5518
science-fiction,medium,Pellucidar (Burroughs),corpus/science-fiction/Pellucidar (Burroughs),6,5,0.85,2131,960,960,6,chunk:pellucidar_burroughs.md:0545,6,chunk:pellucidar_burroughs.md:0485,1.0785,33.287
science-fiction,medium,Pellucidar (Burroughs),corpus/science-fiction/Pellucidar (Burroughs),8,5,0.85,2131,1180,1180,8,chunk:pellucidar_burroughs.md:0522,8,chunk:pellucidar_burroughs.md:0485,1.0726,17.9986
science-fiction,medium,Pellucidar (Burroughs),corpus/science-fiction/Pellucidar (Burroughs),10,5,0.85,2131,1293,1293,10,chunk:pellucidar_burroughs.md:0522,10,chunk:pellucidar_burroughs.md:0485,1.0796,10.1459
science-fiction,medium,Pellucidar (Burroughs),corpus/science-fiction/Pellucidar (Burroughs),15,5,0.85,2131,1397,1397,15,chunk:pellucidar_burroughs.md:0504,15,chunk:pellucidar_burroughs.md:0485,1.0806,2.9187
science-fiction,medium,Pellucidar (Burroughs),corpus/science-fiction/Pellucidar (Burroughs),20,5,0.85,2131,1428,1428,20,chunk:pellucidar_burroughs.md:0080,16,chunk:pellucidar_burroughs.md:0485,1.0824,0.7644
science-fiction,medium,Pellucidar (Burroughs),corpus/science-fiction/Pellucidar (Burroughs),30,5,0.85,2131,1439,1439,27,chunk:pellucidar_burroughs.md:0014,19,chunk:pellucidar_burroughs.md:0014,1.0776,0.0
science-fiction,medium,Pellucidar (Burroughs),corpus/science-fiction/Pellucidar (Burroughs),50,5,0.85,2131,1439,1439,27,chunk:pellucidar_burroughs.md:0014,19,chunk:pellucidar_burroughs.md:0014,1.0797,0.0
science-fiction,long,The Gods of Mars,corpus/science-fiction/The Gods of Mars,0,5,0.85,3864,4561,5996,26,chunk:the_gods_of_mars.md:0629,21,chunk:the_gods_of_mars.md:0629,2.9357,0.0
science-fiction,long,The Gods of Mars,corpus/science-fiction/The Gods of Mars,2,5,0.85,3864,817,817,2,chunk:the_gods_of_mars.md:1231,2,chunk:the_gods_of_mars.md:1212,2.8653,82.0873
science-fiction,long,The Gods of Mars,corpus/science-fiction/The Gods of Mars,4,5,0.85,3864,1760,1760,4,chunk:the_gods_of_mars.md:1231,4,chunk:the_gods_of_mars.md:1149,2.8745,61.412
science-fiction,long,The Gods of Mars,corpus/science-fiction/The Gods of Mars,6,5,0.85,3864,2659,2659,6,chunk:the_gods_of_mars.md:1228,6,chunk:the_gods_of_mars.md:1113,2.9948,41.7014
science-fiction,long,The Gods of Mars,corpus/science-fiction/The Gods of Mars,8,5,0.85,3864,3309,3309,8,chunk:the_gods_of_mars.md:1226,8,chunk:the_gods_of_mars.md:1081,2.8961,27.4501
science-fiction,long,The Gods of Mars,corpus/science-fiction/The Gods of Mars,10,5,0.85,3864,3760,3760,10,chunk:the_gods_of_mars.md:1226,10,chunk:the_gods_of_mars.md:1081,2.904,17.5619
science-fiction,long,The Gods of Mars,corpus/science-fiction/The Gods of Mars,15,5,0.85,3864,4350,4350,15,chunk:the_gods_of_mars.md:1218,14,chunk:the_gods_of_mars.md:0573,2.904,4.6262
science-fiction,long,The Gods of Mars,corpus/science-fiction/The Gods of Mars,20,5,0.85,3864,4520,4520,20,chunk:the_gods_of_mars.md:1218,17,chunk:the_gods_of_mars.md:0629,2.9036,0.8989
science-fiction,long,The Gods of Mars,corpus/science-fiction/The Gods of Mars,30,5,0.85,3864,4561,4561,26,chunk:the_gods_of_mars.md:0629,21,chunk:the_gods_of_mars.md:0629,2.9057,0.0
science-fiction,long,The Gods of Mars,corpus/science-fiction/The Gods of Mars,50,5,0.85,3864,4561,4561,26,chunk:the_gods_of_mars.md:0629,21,chunk:the_gods_of_mars.md:0629,2.9108,0.0
english-literature,short,The Jungle Book (Kipling),corpus/english-literature/The Jungle Book (Kipling),0,5,0.85,2798,2748,3290,70,chunk:the_jungle_book_kipling.md:0069,59,chunk:the_jungle_book_kipling.md:0069,1.4776,0.0
english-literature,short,The Jungle Book (Kipling),corpus/english-literature/The Jungle Book (Kipling),2,5,0.85,2798,431,431,2,chunk:the_jungle_book_kipling.md:0664,2,chunk:the_jungle_book_kipling.md:0659,1.4683,84.3159
english-literature,short,The Jungle Book (Kipling),corpus/english-literature/The Jungle Book (Kipling),4,5,0.85,2798,921,921,4,chunk:the_jungle_book_kipling.md:0656,4,chunk:the_jungle_book_kipling.md:0591,1.4623,66.4847
english-literature,short,The Jungle Book (Kipling),corpus/english-literature/The Jungle Book (Kipling),6,5,0.85,2798,1362,1362,6,chunk:the_jungle_book_kipling.md:0656,6,chunk:the_jungle_book_kipling.md:0585,1.464,50.4367
english-literature,short,The Jungle Book (Kipling),corpus/english-literature/The Jungle Book (Kipling),8,5,0.85,2798,1659,1659,8,chunk:the_jungle_book_kipling.md:0654,8,chunk:the_jungle_book_kipling.md:0585,1.4623,39.6288
english-literature,short,The Jungle Book (Kipling),corpus/english-literature/The Jungle Book (Kipling),10,5,0.85,2798,1910,1910,10,chunk:the_jungle_book_kipling.md:0648,10,chunk:the_jungle_book_kipling.md:0585,1.4666,30.4949
english-literature,short,The Jungle Book (Kipling),corpus/english-literature/The Jungle Book (Kipling),15,5,0.85,2798,2310,2310,15,chunk:the_jungle_book_kipling.md:0631,15,chunk:the_jungle_book_kipling.md:0313,1.4639,15.9389
english-literature,short,The Jungle Book (Kipling),corpus/english-literature/The Jungle Book (Kipling),20,5,0.85,2798,2504,2504,20,chunk:the_jungle_book_kipling.md:0611,18,chunk:the_jungle_book_kipling.md:0328,1.5265,8.8792
english-literature,short,The Jungle Book (Kipling),corpus/english-literature/The Jungle Book (Kipling),30,5,0.85,2798,2679,2679,30,chunk:the_jungle_book_kipling.md:0611,28,chunk:the_jungle_book_kipling.md:0328,1.482,2.5109
english-literature,short,The Jungle Book (Kipling),corpus/english-literature/The Jungle Book (Kipling),50,5,0.85,2798,2728,2728,50,chunk:the_jungle_book_kipling.md:0069,44,chunk:the_jungle_book_kipling.md:0069,1.4684,0.7278
english-literature,medium,Robinson Crusoe,corpus/english-literature/Robinson Crusoe,0,5,0.85,3871,5675,7039,40,chunk:robinson_crusoe.md:0672,26,chunk:robinson_crusoe.md:0929,3.3182,0.0
english-literature,medium,Robinson Crusoe,corpus/english-literature/Robinson Crusoe,2,5,0.85,3871,906,906,2,chunk:robinson_crusoe.md:1428,2,chunk:robinson_crusoe.md:1416,3.2956,84.0352
english-literature,medium,Robinson Crusoe,corpus/english-literature/Robinson Crusoe,4,5,0.85,3871,1944,1944,4,chunk:robinson_crusoe.md:1424,4,chunk:robinson_crusoe.md:1416,3.2602,65.7445
english-literature,medium,Robinson Crusoe,corpus/english-literature/Robinson Crusoe,6,5,0.85,3871,2916,2916,6,chunk:robinson_crusoe.md:1424,6,chunk:robinson_crusoe.md:1414,3.2749,48.6167
english-literature,medium,Robinson Crusoe,corpus/english-literature/Robinson Crusoe,8,5,0.85,3871,3581,3581,8,chunk:robinson_crusoe.md:1424,8,chunk:robinson_crusoe.md:1414,3.2906,36.8987
english-literature,medium,Robinson Crusoe,corpus/english-literature/Robinson Crusoe,10,5,0.85,3871,4080,4080,10,chunk:robinson_crusoe.md:1419,10,chunk:robinson_crusoe.md:1370,3.2807,28.1057
english-literature,medium,Robinson Crusoe,corpus/english-literature/Robinson Crusoe,15,5,0.85,3871,4941,4941,15,chunk:robinson_crusoe.md:1408,15,chunk:robinson_crusoe.md:1370,3.2967,12.9339
english-literature,medium,Robinson Crusoe,corpus/english-literature/Robinson Crusoe,20,5,0.85,3871,5368,5368,20,chunk:robinson_crusoe.md:1383,20,chunk:robinson_crusoe.md:0129,3.3098,5.4097
english-literature,medium,Robinson Crusoe,corpus/english-literature/Robinson Crusoe,30,5,0.85,3871,5625,5625,30,chunk:robinson_crusoe.md:1293,24,chunk:robinson_crusoe.md:0929,3.3056,0.8811
english-literature,medium,Robinson Crusoe,corpus/english-literature/Robinson Crusoe,50,5,0.85,3871,5675,5675,40,chunk:robinson_crusoe.md:0672,26,chunk:robinson_crusoe.md:0929,3.4119,0.0
english-literature,long,North and South (Gaskell),corpus/english-literature/North and South (Gaskell),0,5,0.85,6439,9199,11612,47,chunk:north_and_south_gaskell.md:1358,34,chunk:north_and_south_gaskell.md:0852,6.7962,0.0
english-literature,long,North and South (Gaskell),corpus/english-literature/North and South (Gaskell),2,5,0.85,6439,1521,1521,2,chunk:north_and_south_gaskell.md:2401,2,chunk:north_and_south_gaskell.md:2388,6.652,83.4656
english-literature,long,North and South (Gaskell),corpus/english-literature/North and South (Gaskell),4,5,0.85,6439,3264,3264,4,chunk:north_and_south_gaskell.md:2401,4,chunk:north_and_south_gaskell.md:2362,6.6979,64.5179
english-literature,long,North and South (Gaskell),corpus/english-literature/North and South (Gaskell),6,5,0.85,6439,4906,4906,6,chunk:north_and_south_gaskell.md:2401,6,chunk:north_and_south_gaskell.md:2387,6.7071,46.6681
english-literature,long,North and South (Gaskell),corpus/english-literature/North and South (Gaskell),8,5,0.85,6439,6097,6097,8,chunk:north_and_south_gaskell.md:2401,8,chunk:north_and_south_gaskell.md:2362,6.6988,33.7211
english-literature,long,North and South (Gaskell),corpus/english-literature/North and South (Gaskell),10,5,0.85,6439,7006,7006,10,chunk:north_and_south_gaskell.md:2401,10,chunk:north_and_south_gaskell.md:2138,6.7312,23.8395
english-literature,long,North and South (Gaskell),corpus/english-literature/North and South (Gaskell),15,5,0.85,6439,8315,8315,15,chunk:north_and_south_gaskell.md:2333,15,chunk:north_and_south_gaskell.md:1378,6.8756,9.6097
english-literature,long,North and South (Gaskell),corpus/english-literature/North and South (Gaskell),20,5,0.85,6439,8869,8869,20,chunk:north_and_south_gaskell.md:2318,19,chunk:north_and_south_gaskell.md:2138,6.7401,3.5873
english-literature,long,North and South (Gaskell),corpus/english-literature/North and South (Gaskell),30,5,0.85,6439,9151,9151,30,chunk:north_and_south_gaskell.md:2138,28,chunk:north_and_south_gaskell.md:0852,6.7729,0.5218
english-literature,long,North and South (Gaskell),corpus/english-literature/North and South (Gaskell),50,5,0.85,6439,9199,9199,47,chunk:north_and_south_gaskell.md:1358,34,chunk:north_and_south_gaskell.md:0852,6.7448,0.0
